func	prec	M	N	time[sec]
convert(COO,CRS)	float	1000	1000	0.000689166
convert(COO,CRS)	float	10000	10000	0.0066044
convert(COO,CRS)	float	100000	100000	0.0739672
convert(COO,CRS)	float	1000000	1000000	0.718732
convert(COO,CRS)	double	1000	1000	0.000369531
convert(COO,CRS)	double	10000	10000	0.00528621
convert(COO,CRS)	double	100000	100000	0.103939
convert(COO,CRS)	double	1000000	1000000	1.0199
