func	prec	M	N	time[sec]	perf[GFLOPS] 
m_tanh(CRS)	float	1000	1000	0.00275191	0.0294341
m_tanh(CRS)	float	10000	10000	0.000440565	1.83855
m_tanh(CRS)	float	100000	100000	0.00492078	1.64608
m_tanh(CRS)	float	1000000	1000000	0.0603508	1.34215
m_tanh(CRS)	double	1000	1000	9.36658e-05	0.864777
m_tanh(CRS)	double	10000	10000	0.000742969	1.09022
m_tanh(CRS)	double	100000	100000	0.01222	0.662846
m_tanh(CRS)	double	1000000	1000000	0.124292	0.651692
