func	prec	size	time[sec]	perf[GFLOPS]	mem[GB/s]
vv_add	float	1000	0.00182979	0.00109302	0.00655813
vv_add	float	10000	0.00189691	0.0105434	0.0632607
vv_add	float	100000	0.00302497	0.0661163	0.396698
vv_add	float	1000000	0.0126185	0.158497	0.950982
vv_add	float	10000000	0.0975025	0.205123	1.23074
