func	prec	M	N	time[sec]	perf[GFLOPS]	mem[GB/s]
matadd(Dense,Dense,Dense)	float	1000	1000	0.00427147	0.234111	2.80934
matadd(Dense,Dense,Dense)	float	2000	2000	0.0139289	0.287172	3.44606
matadd(Dense,Dense,Dense)	float	3000	3000	0.0244446	0.36818	4.41816
matadd(Dense,Dense,Dense)	float	4000	4000	0.0439114	0.36437	4.37245
matadd(Dense,Dense,Dense)	float	5000	5000	0.0678311	0.368563	4.42275
matadd(Dense,Dense,Dense)	float	6000	6000	0.0906642	0.39707	4.76483
matadd(Dense,Dense,Dense)	float	7000	7000	0.130844	0.374492	4.4939
matadd(Dense,Dense,Dense)	float	8000	8000	0.170433	0.375513	4.50616
matadd(Dense,Dense,Dense)	float	9000	9000	0.203138	0.398744	4.78492
