func	prec	M	N	time[sec]	perf[GFLOPS] 
mv_mul(CRS)	float	1000	1000	0.0254571	0.00636364	
mv_mul(CRS)	float	10000	10000	0.000943606	1.71682	
mv_mul(CRS)	float	100000	100000	0.00331806	4.88237	
mv_mul(CRS)	float	1000000	1000000	0.0223269	7.25582	
mv_mul(CRS)	double	1000	1000	0.000704084	0.230086	
mv_mul(CRS)	double	10000	10000	0.00113042	1.4331	
mv_mul(CRS)	double	100000	100000	0.00382401	4.23639	
mv_mul(CRS)	double	1000000	1000000	0.0303568	5.33653	
