func	prec	size	time[sec]	perf[GFLOPS]	mem[GB/s]
sv_mul	float	1000	0.00183505	0.00108989	0.00435955
sv_mul	float	10000	0.00189342	0.0105629	0.0422515
sv_mul	float	100000	0.00299925	0.0666832	0.266733
sv_mul	float	1000000	0.0124673	0.16042	0.641679
sv_mul	float	10000000	0.105407	0.189741	0.758964
