func	kind	prec	size	time[sec]	perf[GFLOPS]	mem[GB/s]
sv_sub	vector	float	1000	0.000212707	0.00940263	0.0376105
sv_sub	vector	float	2000	1.66744e-05	0.239889	0.959555
sv_sub	vector	float	4000	1.97346e-05	0.405379	1.62152
sv_sub	vector	float	8000	2.14521e-05	0.745848	2.98339
sv_sub	vector	float	16000	3.22787e-05	0.991366	3.96546
sv_sub	vector	float	32000	4.67163e-05	1.36997	5.47989
sv_sub	vector	float	64000	8.16125e-05	1.56839	6.27355
sv_sub	vector	float	128000	0.000133768	1.91376	7.65503
sv_sub	vector	float	256000	0.000242649	2.11004	8.44017
sv_sub	vector	float	512000	0.000473155	2.16419	8.65678
sv_sub	vector	float	1024000	0.000848308	2.41422	9.65687
sv_sub	vector	float	2048000	0.00156406	2.61883	10.4753
sv_sub	vector	float	4096000	0.0047015	1.74242	6.96968
sv_sub	vector	float	8192000	0.0139225	1.1768	4.7072
sv_sub	vector	double	1000	1.66796e-05	0.119907	0.959256
sv_sub	vector	double	2000	1.98679e-05	0.20133	1.61064
sv_sub	vector	double	4000	2.17488e-05	0.367836	2.94269
sv_sub	vector	double	8000	2.86941e-05	0.557606	4.46085
sv_sub	vector	double	16000	4.17935e-05	0.765669	6.12535
sv_sub	vector	double	32000	6.31881e-05	1.01285	8.10279
sv_sub	vector	double	64000	9.45094e-05	1.35436	10.8349
sv_sub	vector	double	128000	0.000167607	1.52738	12.219
sv_sub	vector	double	256000	0.000316145	1.61951	12.9561
sv_sub	vector	double	512000	0.000611167	1.67548	13.4039
sv_sub	vector	double	1024000	0.00167072	1.22582	9.80654
sv_sub	vector	double	2048000	0.00411048	0.996477	7.97182
sv_sub	vector	double	4096000	0.0133308	0.614517	4.91614
sv_sub	vector	double	8192000	0.0396795	0.412909	3.30327
