func	prec	size	time[sec]	perf[GFLOPS]	mem[GB/s]
vv_mul	float	1000	0.00182692	0.00109474	0.00656841
vv_mul	float	10000	0.00189489	0.0105547	0.0633282
vv_mul	float	100000	0.00301773	0.0662751	0.397651
vv_mul	float	1000000	0.0123628	0.161775	0.970652
vv_mul	float	10000000	0.0960858	0.208147	1.24888
