func	prec	size	time[sec]	perf[GFLOPS]	mem[GB/s]
vv_sub	float	1000	0.00183051	0.00109259	0.00655556
vv_sub	float	10000	0.0018915	0.0105736	0.0634416
vv_sub	float	100000	0.00307223	0.0650994	0.390596
vv_sub	float	1000000	0.0124795	0.160263	0.961576
vv_sub	float	10000000	0.0972941	0.205562	1.23337
